Development Date,Figure,Image File,Script,Equation,Created At
2025-03-23,Figure_45,Figure_45.png,Entropy Evaporation Comparison 1.2,2D Surface Entropy Encoding Curve,2025-03-23 11:56:56 PM
2025-03-23,Figure_35,Figure_35.png,Entropy Temp Testing Mod 4.0.py,Entropy Gradient Transition,2025-03-23 4:58:47 PM
2025-03-23,Figure_36,Figure_36.png,Entropy RData Model,Entropy Gradient Transition,2025-03-23 5:10:40 PM
2025-03-23,Figure_37,Figure_37.png,Entropy RData Model Test 1,Entropy Gradient Transition,2025-03-23 6:06:10 PM
2025-03-23,Figure_38,Figure_38.png,Entropy RData Model Test 1.1,Entropy Gradient Transition,2025-03-23 6:46:37 PM
2025-03-23,Figure_39,Figure_39.png,Saturated Bh Entropy Model,Field Symmetry Discretization Curve,2025-03-23 7:09:18 PM
2025-03-23,Figure_40,Figure_40.png,Entropy Predictive Model,Entropy Collapse Coherence Map,2025-03-23 7:19:57 PM
2025-03-23,Figure_41,Figure_41.png,Entropy Predictive Model 1.1,Entropy Collapse Coherence Map,2025-03-23 7:22:02 PM
2025-03-23,Figure_42,Figure_42.png,Entropy Horizon Function Test,Entropy Collapse Coherence Map,2025-03-23 7:31:46 PM
2025-03-23,Figure_43,Figure_43.png,Entropy Evaporation Comparison,2D Surface Entropy Encoding Curve,2025-03-23 8:56:19 PM
2025-03-24,Figure_55,Figure_55.png,Entropy Correlation Test 1.4,Entropy Collapse Coherence Map,2025-03-24 10:48:37 AM
2025-03-24,Figure_57,Figure_57.png,Entropy Correlation Test 1.4,Entropy Collapse Coherence Map,2025-03-24 11:41:33 AM
2025-03-24,Figure_61,Figure_61.png,Entropy Collapse Test 1.5,Entropy Collapse Coherence Map,2025-03-24 11:54:41 PM
2025-03-24,Figure_62,Figure_62.png,Entropy Collapse Test 1.6,Entropy Collapse Coherence Map,2025-03-24 11:59:20 PM
2025-03-24,Figure_46,Figure_46.png,Entropy Correlation Test,Entropy Collapse Coherence Map,2025-03-24 12:04:09 AM
2025-03-24,Figure_47,Figure_47.png,Entropy Correlation Test 1.1,Entropy Collapse Coherence Map,2025-03-24 12:09:54 AM
2025-03-24,Figure_48,Figure_48.png,Entropy Correlation Test 1.2,Entropy Collapse Coherence Map,2025-03-24 12:15:30 AM
2025-03-24,Figure_49,Figure_49.png,Saturation Model Vs BH Entropy,Entropy Gradient Transition,2025-03-24 12:33:25 AM
2025-03-24,Figure_58,Figure_58.png,Temperature from Entropy 1.1,UNKNOWN,2025-03-24 12:33:32 PM
2025-03-24,Figure_60,Figure_60.png,Temperature from Entropy 2.1,Entropy Reassembly Function,2025-03-24 12:44:42 PM
2025-03-24,Figure_60,Figure_60.png,Temperature from Entropy 3,Entropy Reassembly Function,2025-03-24 12:44:42 PM
2025-03-24,Figure_60,Figure_60.png,Unified Abstract Summary,Kelvin Collapse Limit,2025-03-24 12:44:42 PM
2025-03-24,Figure_60,Figure_60.png,Figure 60 Caption,UNKNOWN,2025-03-24 12:44:42 PM
2025-03-24,Figure_51,Figure_51.png,Entropy Saturation Horizon,Entropy Gradient Transition,2025-03-24 1:15:05 AM
2025-03-24,Figure_52,Figure_52.png,Entropy Hubble Test,Entropy Gradient Transition,2025-03-24 1:35:16 AM
2025-03-24,Figure_53,Figure_53.png,Entropy Saturation Function,Entropy Collapse Coherence Map,2025-03-24 1:52:51 AM
2025-03-25,Figure_63,Figure_63.png,Entropy Collapse Test 1.7,Entropy Collapse Coherence Map,2025-03-25 12:02:32 AM
2025-03-25,Figure_64,Figure_64.png,Chajar Constant,Entropy Collapse Coherence Map,2025-03-25 12:07:09 AM
2025-03-25,Figure_65,Figure_65.png,Entropy Collapse Test 2.2,Entropy Collapse Coherence Map,2025-03-25 12:31:30 AM
2025-03-26,Figure_38,Figure_38.png,Entropy RData Model Test 1.1,Entropy Gradient Transition,2025-03-26 3:04:29 PM
2025-03-26,Figure_62,Figure_62.png,Entropy Collapse Test 1.6,Entropy Collapse Coherence Map,2025-03-26 3:04:29 PM
