,Dev Wave,Development Date,Figure,Script,Equation,Created At
0,Gradient Refinement Burst,2025-03-23,Figure_45,Entropy Evaporation Comparison 1.2,2D Surface Entropy Encoding Curve,2025-03-23 11:56:56 PM
1,Gradient Refinement Burst,2025-03-23,Figure_35,Entropy Temp Testing Mod 4.0.py,Entropy Gradient Transition,2025-03-23 4:58:47 PM
2,Gradient Refinement Burst,2025-03-23,Figure_36,Entropy RData Model,Entropy Gradient Transition,2025-03-23 5:10:40 PM
3,Gradient Refinement Burst,2025-03-23,Figure_37,Entropy RData Model Test 1,Entropy Gradient Transition,2025-03-23 6:06:10 PM
4,Gradient Refinement Burst,2025-03-23,Figure_38,Entropy RData Model Test 1.1,Entropy Gradient Transition,2025-03-23 6:46:37 PM
5,Gradient Refinement Burst,2025-03-23,Figure_39,Saturated Bh Entropy Model,Field Symmetry Discretization Curve,2025-03-23 7:09:18 PM
6,Gradient Refinement Burst,2025-03-23,Figure_40,Entropy Predictive Model,Entropy Collapse Coherence Map,2025-03-23 7:19:57 PM
7,Gradient Refinement Burst,2025-03-23,Figure_41,Entropy Predictive Model 1.1,Entropy Collapse Coherence Map,2025-03-23 7:22:02 PM
8,Gradient Refinement Burst,2025-03-23,Figure_42,Entropy Horizon Function Test,Entropy Collapse Coherence Map,2025-03-23 7:31:46 PM
9,Gradient Refinement Burst,2025-03-23,Figure_43,Entropy Evaporation Comparison,2D Surface Entropy Encoding Curve,2025-03-23 8:56:19 PM
10,Collapse Coherence Visuals,2025-03-24,Figure_55,Entropy Correlation Test 1.4,Entropy Collapse Coherence Map,2025-03-24 10:48:37 AM
11,Collapse Coherence Visuals,2025-03-24,Figure_57,Entropy Correlation Test 1.4,Entropy Collapse Coherence Map,2025-03-24 11:41:33 AM
12,Collapse Coherence Visuals,2025-03-24,Figure_61,Entropy Collapse Test 1.5,Entropy Collapse Coherence Map,2025-03-24 11:54:41 PM
13,Collapse Coherence Visuals,2025-03-24,Figure_62,Entropy Collapse Test 1.6,Entropy Collapse Coherence Map,2025-03-24 11:59:20 PM
14,Collapse Coherence Visuals,2025-03-24,Figure_46,Entropy Correlation Test,Entropy Collapse Coherence Map,2025-03-24 12:04:09 AM
15,Collapse Coherence Visuals,2025-03-24,Figure_47,Entropy Correlation Test 1.1,Entropy Collapse Coherence Map,2025-03-24 12:09:54 AM
16,Collapse Coherence Visuals,2025-03-24,Figure_48,Entropy Correlation Test 1.2,Entropy Collapse Coherence Map,2025-03-24 12:15:30 AM
17,Collapse Coherence Visuals,2025-03-24,Figure_49,Saturation Model Vs BH Entropy,Entropy Gradient Transition,2025-03-24 12:33:25 AM
18,Collapse Coherence Visuals,2025-03-24,Figure_58,Temperature from Entropy 1.1,UNKNOWN,2025-03-24 12:33:32 PM
19,Collapse Coherence Visuals,2025-03-24,Figure_60,Temperature from Entropy 2.1,Entropy Reassembly Function,2025-03-24 12:44:42 PM
20,Collapse Coherence Visuals,2025-03-24,Figure_60,Temperature from Entropy 3,Entropy Reassembly Function,2025-03-24 12:44:42 PM
21,Collapse Coherence Visuals,2025-03-24,Figure_60,Unified Abstract Summary,Kelvin Collapse Limit,2025-03-24 12:44:42 PM
22,Collapse Coherence Visuals,2025-03-24,Figure_60,Figure 60 Caption,UNKNOWN,2025-03-24 12:44:42 PM
23,Collapse Coherence Visuals,2025-03-24,Figure_51,Entropy Saturation Horizon,Entropy Gradient Transition,2025-03-24 1:15:05 AM
24,Collapse Coherence Visuals,2025-03-24,Figure_52,Entropy Hubble Test,Entropy Gradient Transition,2025-03-24 1:35:16 AM
25,Collapse Coherence Visuals,2025-03-24,Figure_53,Entropy Saturation Function,Entropy Collapse Coherence Map,2025-03-24 1:52:51 AM
26,Final Projection Mapping,2025-03-25,Figure_63,Entropy Collapse Test 1.7,Entropy Collapse Coherence Map,2025-03-25 12:02:32 AM
27,Final Projection Mapping,2025-03-25,Figure_64,Chajar Constant,Entropy Collapse Coherence Map,2025-03-25 12:07:09 AM
28,Final Projection Mapping,2025-03-25,Figure_65,Entropy Collapse Test 2.2,Entropy Collapse Coherence Map,2025-03-25 12:31:30 AM
29,Repository Structuring Figures,2025-03-26,Figure_38,Entropy RData Model Test 1.1,Entropy Gradient Transition,2025-03-26 3:04:29 PM
30,Repository Structuring Figures,2025-03-26,Figure_62,Entropy Collapse Test 1.6,Entropy Collapse Coherence Map,2025-03-26 3:04:29 PM
